continent,year,cont_avg_gdp_growth
Africa,1990,NA
Africa,1991,-0.3164387463811921
Africa,1992,-1.3085864115152066
Africa,1993,-1.4017666272172848
Africa,1994,-0.8428580988415247
Africa,1995,2.986655068827097
Africa,1996,3.885012193116555
Africa,1997,5.022503932140968
Africa,1998,1.4859956728113377
Africa,1999,1.1792048226853336
Africa,2000,0.9611171470440674
Africa,2001,2.333934114501313
Africa,2002,1.6490140617273672
Africa,2003,1.2074475095693156
Africa,2004,3.531476923137597
Africa,2005,2.8813020231279687
Africa,2006,3.1351112389909552
Africa,2007,2.87809859880981
Africa,2008,2.105700495719575
Africa,2009,0.46442820532766693
Africa,2010,3.205627356465152
Africa,2011,1.3457745240760752
Africa,2012,4.570888748541701
Africa,2013,1.1732826729667842
Africa,2014,1.8399469481238857
Africa,2015,0.6070255508810515
Africa,2016,0.6286373166467433
Africa,2017,1.564295643516576
Africa,2018,1.3060742821204054
Africa,2019,0.7612082944507877
Africa,2020,-4.629190423444466
Africa,2021,2.4188613815750184
