continent,year,cont_avg_gdp_growth
Oceania,1990,NA
Oceania,1991,0.46991257885664905
Oceania,1992,2.580565173588952
Oceania,1993,3.487081433434291
Oceania,1994,3.106769892633373
Oceania,1995,2.0776533751144894
Oceania,1996,-0.20305108496709628
Oceania,1997,-1.029785039494345
Oceania,1998,1.436289500284853
Oceania,1999,0.6393019226563457
Oceania,2000,-0.29311102935698713
Oceania,2001,0.45425222400445037
Oceania,2002,1.5350702911192016
Oceania,2003,0.5627780056877334
Oceania,2004,0.928908267489218
Oceania,2005,1.6720606510801987
Oceania,2006,1.8074986635919565
Oceania,2007,-0.17240027877621464
Oceania,2008,1.5281838921416493
Oceania,2009,-0.27110503130862296
Oceania,2010,2.6389910727630173
Oceania,2011,3.2086075360761694
Oceania,2012,0.8957294224200337
Oceania,2013,2.9653020054861927
Oceania,2014,3.316311961911423
Oceania,2015,3.4678039855170932
Oceania,2016,2.6198046168739437
Oceania,2017,0.9414678373542634
Oceania,2018,1.3860856172454161
Oceania,2019,2.227082747123798
Oceania,2020,-4.102940849201316
Oceania,2021,-2.1872879334845035
