continent,pre_sd,pre_sd_no_out,post_sd,post_sd_no_out
Africa,1.7268212078628,1.7268212078628,2.301006797628462,0.7069600702919555
Asia,2.1659207910082645,2.1659207910082645,3.114043351614205,0.5012833641277622
Europe,2.6137588262104545,2.156179500601994,3.424531240993861,0.3699910232542556
North America,1.5937244103731556,1.0535314538238656,5.516269648249089,0.3545718417828184
Oceania,1.3260663795498777,1.3260663795498777,2.7558775046933826,2.7558775046933826
South America,2.121177797842328,2.121177797842328,3.2208209061625745,0.6867096409146918
NA,1.4480029077971022,1.4480029077971022,2.746620281224087,0.3312119168112965
