continent,pre_sd,pre_sd_no_out,post_sd,post_sd_no_out
Africa,1.8460742629912803,1.3656827380394323,1.5633922780271305,0.1939794338050558
Asia,2.397746351012128,1.7118755332005875,3.3364552809330186,0.40934025307437966
North America,4.505303883843228,1.9216005903247266,2.3528156096381934,2.3528156096381934
Oceania,2.710580192769103,2.710580192769103,2.754181221151247,2.754181221151247
