continent,pre_sd,pre_sd_no_out,post_sd,post_sd_no_out
Africa,2.333860006316107,1.5865547774445685,3.49632502970051,0.9903506642239879
Asia,2.3060527131641786,2.3060527131641786,3.8339951192747566,0.5805619575786304
Europe,2.6137588262104545,2.156179500601994,3.424531240993861,0.3699910232542556
North America,1.6700519289565192,1.068266449905152,5.679742850933287,0.35433817890343994
Oceania,1.5304615993816646,1.3461589967165821,2.8416821021133174,2.8416821021133174
South America,2.121177797842328,2.121177797842328,3.2208209061625745,0.6867096409146918
NA,1.4480029077971022,1.4480029077971022,2.746620281224087,0.3312119168112965
