continent,year,cont_avg_gdp_growth
Africa,1990,NA
Africa,1991,-0.5084510758590848
Africa,1992,-3.2044898660039145
Africa,1993,-1.949455027303441
Africa,1994,-2.7274608631021806
Africa,1995,3.6515147500958056
Africa,1996,2.0157043066532254
Africa,1997,1.8220399756838448
Africa,1998,0.1772066088646305
Africa,1999,0.8330894754883765
Africa,2000,0.05510068616606373
Africa,2001,1.7470707677885593
Africa,2002,1.801821591940405
Africa,2003,0.8773001775927748
Africa,2004,3.3054729285582782
Africa,2005,2.6441382283107573
Africa,2006,2.9255621914643477
Africa,2007,2.5508211588372283
Africa,2008,2.812166850265902
Africa,2009,0.7550805000059511
Africa,2010,2.9716541496384825
Africa,2011,2.010119869961593
Africa,2012,2.5364818348866867
Africa,2013,1.2162481856515552
Africa,2014,2.1011196065322864
Africa,2015,1.0174078477670594
Africa,2016,1.2727643098593915
Africa,2017,1.211290255807255
Africa,2018,1.4778023476088382
Africa,2019,1.4457458191157526
Africa,2020,-2.8647016058913373
Africa,2021,1.0451528091570377
